"","cell_id","layer_name","cell_type","recorder_name","subject_id","acquisition_time","rmp","voltage_drift","has_morphology","tag_comments","has_burst"
"1","13n05011.abf","L5","Pyr","Homeira","X2013.11.05","2013-11-05 17:06:16.448",-54.9377415312223,0.158688796847294,FALSE,"",FALSE
"2","13n21007.abf","L5","Pyr","Homeira","X2013.11.21","2013-11-21 14:30:46.356",-59.158322385443,3.677365354193,FALSE,"",FALSE
"3","13d02004.abf","L5","Pyr","Homeira","X2013.12.02","2013-12-02 15:47:42.278",-59.069821413084,2.288815553709,FALSE,"",FALSE
"4","13d02022.abf","L5","Pyr","Homeira","X2013.12.02","2013-12-02 17:09:07.433",-64.4287078773006,1.04980162730061,FALSE,"",FALSE
"5","13d02049.abf","L5","Pyr","Homeira","X2013.12.02","2013-12-02 18:21:58.566",-57,1.7890625,FALSE,"gain50 resting -57mv",FALSE
"6","13d03005.abf","L5","Pyr","Homeira","X2013.12.03","2013-12-03 12:13:09.804",-63.714596583094,2.98461611434399,FALSE,"",TRUE
"7","13d03007.abf","L5","Pyr","Homeira","X2013.12.03","2013-12-03 12:59:10.191",-56.4636203649969,3.7109348181219,FALSE,"",FALSE
"8","13d03040.abf","L5","Pyr","Homeira","X2013.12.03","2013-12-03 13:29:28.194",-60,1.23046875,FALSE,"resting -60mv gain 50",FALSE
"9","13d03008.abf","L5","Pyr","Homeira","X2013.12.03","2013-12-03 14:50:32.511",-59.3200655418231,3.8024874168231,FALSE,"",FALSE
"10","20131211_600_1_0002.abf","L5","Pyr","Homeira","X2013.12.11","2013-12-11 12:43:53.863",-62.3596161787022,1.4404267255772,FALSE,"",FALSE
"11","20131211_600_1_0042.abf","L5","Pyr","Homeira","X2013.12.11","2013-12-11 13:21:35.298",-59.2,0.736523437499997,FALSE,"gain 50, resting -59.2mv",FALSE
"12","20131211_600_1_0066.abf","L5","Pyr","Homeira","X2013.12.11","2013-12-11 13:40:48.266",-70.1415982309529,1.17187166845291,FALSE,"",FALSE
"13","20131211_600_1_0067.abf","L5","Pyr","Homeira","X2013.12.11","2013-12-11 13:57:46.935",-58.4,0.358544921875001,FALSE,"gain 50, resting -58.4mv",TRUE
"14","20131211_600_1_0081.abf","L5","Pyr","Homeira","X2013.12.11","2013-12-11 14:09:53.241",-59.4,0.432763671875001,FALSE,"gain 50, resting -59.4mv",FALSE
"15","20131211_600_1_0108.abf","L5","Pyr","Homeira","X2013.12.11","2013-12-11 14:51:02.757",-65,2.49267578125,FALSE,"gain 50, resting -65mv",FALSE
"16","20131211_600_1_0160.abf","L5","Pyr","Homeira","X2013.12.11","2013-12-11 16:22:28.296",-62,0.897705078125,FALSE,"gain 50 resting -62mv",FALSE
"17","20131211_600_1_0184.abf","L5","Pyr","Homeira","X2013.12.11","2013-12-11 16:44:04.782",-62.6220673381114,6.06537162673235,FALSE,"",FALSE
"18","20131211_600_1_0190.abf","L5","Pyr","Homeira","X2013.12.11","2013-12-11 16:57:54.480",-67.8,0.0326660156249972,FALSE,"gain 50, resting -67.8mv",FALSE
"19","20140127_600_1_0118.abf","L5","Pyr","Homeira","X2014.01.27","2014-01-27 16:12:34.042",-65,1.259765625,FALSE,"rest -65mv, gain 50, current clamp",FALSE
"20","20140127_600_1_0158.abf","L5","Pyr","Homeira","X2014.01.27","2014-01-27 17:21:47.773",-72.2839321135724,2.1911586760724,FALSE,"",FALSE
"21","14304300.abf","L2.3","Pyr","Lihua","X2014.03.04","2014-03-04 16:55:27.065",-63.3850111823904,1.43432758864039,FALSE,"",FALSE
"22","14306300.abf","L2.3","Int","Lihua","X2014.03.06","2014-03-06 11:44:39.292",-72,1.91357421875,FALSE,"",FALSE
"23","14317300.abf","L2.3","Pyr","Lihua","X2014.03.17","2014-03-17 11:58:50.675",-74.8138444456572,0.67138839096971,FALSE,"",FALSE
"24","14317320.abf","L2.3","Pyr","Lihua","X2014.03.17","2014-03-17 13:26:41.884",-73.989869817865,0.289918645989999,FALSE,"",FALSE
"25","14317333.abf","L2.3","Pyr","Lihua","X2014.03.17","2014-03-17 15:25:32.402",NA,0.579833984375,FALSE,"",FALSE
"26","14317348.abf","L2.3","Pyr","Lihua","X2014.03.17","2014-03-17 18:05:31.216",-73.364259452319,1.0223405070065,FALSE,"",FALSE
"27","14318308.abf","L2.3","Pyr","Lihua","X2014.03.18","2014-03-18 19:46:33.345",-72.7691666655801,1.51062174370509,FALSE,"",TRUE
"28","14408304.abf","L2.3","Pyr","Lihua","X2014.04.08","2014-04-08 14:20:11.687",-77.3010271184376,4.0130632512501,FALSE,"",FALSE
"29","14424000.abf","L5","Pyr","Lihua","X2014.04.22","2014-04-24 12:25:53.319",-74.0356461860756,1.65482559566499e-06,FALSE,"",FALSE
"30","14424329.abf","L5","Pyr","Lihua","X2014.04.22","2014-04-24 15:41:53.754",-74.0203873966721,0.381471381047092,FALSE,"",FALSE
"31","14424335.abf","L5","Pyr","Lihua","X2014.04.22","2014-04-24 16:49:04.795",-72.2198502470519,1.61423940880923e-06,FALSE,"",FALSE
"32","14515300.abf","L5","Pyr","Lihua","X2014.05.15","2014-05-15 12:26:54.655",-69.7631851530787,1.55932869461139e-06,FALSE,"",FALSE
"33","14515323.abf","L5","Pyr","Lihua","X2014.05.15","2014-05-15 12:46:30.686",-68.7255874736366,2.19726716113659,FALSE,"",FALSE
"34","14515374.abf","L5","Pyr","Lihua","X2014.05.15","2014-05-15 14:51:20.718",-66.7236343038894,0.378419460139398,FALSE,"",FALSE
"35","14515399.abf","L5","Pyr","Lihua","X2014.05.15","2014-05-15 16:24:09.155",-76.5,0.739990234375,FALSE,"",TRUE
"36","14520300.abf","L5","Pyr","Lihua","X2014.05.20","2014-05-20 12:55:08.907",-75.1037614443249,1.6786999026408e-06,FALSE,"",FALSE
"37","14520332.abf","L5","Pyr","Lihua","X2014.05.20","2014-05-20 16:58:02.684",-77.9571550627907,0.732423617478204,FALSE,"",FALSE
"38","14605300.abf","L5","Int","Lihua","X2014.06.05","2014-06-05 15:29:57.490",-71.7773453543487,3.57055824497371,FALSE,"",FALSE
"39","14605338.abf","L5","Int","Lihua","X2014.06.05","2014-06-05 17:20:23.981",NA,0,FALSE,"",FALSE
"40","14617300.abf","L5","Int","Lihua","X2014.06.17","2014-06-17 12:12:01.211",-66.4215102736989,3.1433120315114,FALSE,"",FALSE
"41","14617312.abf","L5","Int","Lihua","X2014.06.17","2014-06-17 13:01:38.079",-71.9604508271914,2.13623207719141,FALSE,"",FALSE
"42","14624300.abf","L5","Pyr","Lihua","X2014.06.24","2014-06-24 12:31:20.401",-72.7844254549837,2.2430436190462,FALSE,"",FALSE
"43","14624325.abf","L5","Pyr","Lihua","X2014.06.24","2014-06-24 14:25:55.643",-78.1402605356334,1.3580339731334,FALSE,"",FALSE
"44","14624359.abf","L5","Pyr","Lihua","X2014.06.24","2014-06-24 16:30:09.939",-72.98278971723,0.762941084417506,FALSE,"",FALSE
"45","14624371.abf","L5","Pyr","Lihua","X2014.06.24","2014-06-24 16:45:53.067",-77.5756853277017,0.274659937076706,FALSE,"",FALSE
"46","14626300.abf","L5","Pyr","Lihua","X2014.06.26","2014-06-26 12:56:55.962",-65.4754653306782,1.7089858384907,FALSE,"",TRUE
"47","14715300.abf","L5","Pyr","Lihua","X2014.07.15","2014-07-15 17:33:24.591",-73.3032242947047,0.259401052517205,FALSE,"",FALSE
"48","14715334.abf","L5","Pyr","Lihua","X2014.07.15","2014-07-15 19:03:13.250",-75.1800553913427,1.68040520520663e-06,FALSE,"",TRUE
"49","14911303.abf","L5","Pyr","Lihua","X2014.09.11","2014-09-11 17:24:48.350",-68.3898941067582,0.854493716133206,FALSE,"",FALSE
"50","14918300.abf","L5","Pyr","Lihua","X2014.09.18","2014-09-18 13:32:31.669",-64.3615737042183,1.43859328716189e-06,FALSE,"",FALSE
"51","14918302.abf","L5","Pyr","Lihua","X2014.09.18","2014-09-18 14:17:53.435",-69.580079680236,2.746583586486,FALSE,"",FALSE
"52","14918344.abf","L5","Pyr","Lihua","X2014.09.18","2014-09-18 17:19:45.325",-74.1424577119006,0.99182294627559,FALSE,"",TRUE
"53","14918371.abf","L5","Int","Lihua","X2014.09.18","2014-09-18 18:01:16.107",-65,3.42041015625,FALSE,"",FALSE
"54","14n03328.abf","L5","Int","Lihua","X2014.11.03","2014-11-03 15:49:15.550",-75.6378190734495,2.63977219844949,FALSE,"",FALSE
"55","14n03358.abf","L5","Pyr","Lihua","X2014.11.03","2014-11-03 17:17:01.620",-75,0.439453125,FALSE,"",FALSE
"56","14n04322.abf","L5","Int","Lihua","X2014.11.04","2014-11-04 16:51:44.902",-70.4345718868354,1.6632095821479,FALSE,"",FALSE
"57","14n04362.abf","L5","Pyr","Lihua","X2014.11.04","2014-11-04 18:23:36.062",-78.292848429669,2.39563163279399,FALSE,"",TRUE
"58","14n10301.abf","L5","Int","Lihua","X2014.11.10","2014-11-10 13:25:34.289",-62,0.0574951171875,FALSE,"",FALSE
"59","14n10459.abf","L5","Pyr","Lihua","X2014.11.10","2014-11-10 17:38:21.727",-74.127198922497,2.258302438122,FALSE,"",FALSE
"60","14d02000.abf","L2.3","Pyr","Lihua","X2014.12.02","2014-12-02 14:30:22.969",-69.0002456829007,3.49426423758821,FALSE,"",TRUE
"61","14d02055.abf","L2.3","Pyr","Lihua","X2014.12.02","2014-12-02 15:56:20.088",-74.1119401330934,0.839235054968398,FALSE,"",FALSE
"62","14d02065.abf","L2.3","Int","Lihua","X2014.12.02","2014-12-02 16:26:33.397",-74.0966813436899,1.65618990877192e-06,FALSE,"",FALSE
"63","14d02124.abf","L2.3","Pyr","Lihua","X2014.12.02","2014-12-02 18:20:22.348",-75.1953141807462,0.991822969808709,FALSE,"",FALSE
"64","14d16000.abf","L2.3","Pyr","Lihua","X2014.12.16","2014-12-16 13:20:57.762",-72.7233902973694,1.62549440574367e-06,FALSE,"",FALSE
"65","14d16016.abf","L2.3","Int","Lihua","X2014.12.16","2014-12-16 13:57:52.686",-71.4111344086632,1.3580338227257,FALSE,"",FALSE
"66","14d16022.abf","L2.3","Pyr","Lihua","X2014.12.16","2014-12-16 14:38:46.858",-66.9250503240164,1.49589139653017e-06,FALSE,"",FALSE
"67","14d16056.abf","L2.3","Int","Lihua","X2014.12.16","2014-12-16 16:24:03.121",-75.1647966019391,1.8615739456891,FALSE,"",FALSE
"68","14d16109.abf","L2.3","Int","Lihua","X2014.12.16","2014-12-16 18:32:09.695",-74.5,0.4359130859375,FALSE,"",FALSE
"69","14d16134.abf","L2.3","Pyr","Lihua","X2014.12.16","2014-12-16 19:24:36.826",-68.0389419504764,0.411988825476399,FALSE,"",FALSE
"70","14d18005.abf","L2.3","Pyr","Lihua","X2014.12.18","2014-12-18 12:44:56.051",-76.4617937012418,0.0915544434293025,FALSE,"",FALSE
"71","14d18033.abf","L2.3","Pyr","Lihua","X2014.12.18","2014-12-18 13:45:32.958",-75.134279023132,0.900270234069495,FALSE,"",FALSE
"72","14d18087.abf","L2.3","Pyr","Lihua","X2014.12.18","2014-12-18 16:33:38.632",-76.3244645966097,1.70598470106142e-06,FALSE,"",FALSE
"73","14d18113.abf","L2.3","Pyr","Lihua","X2014.12.18","2014-12-18 17:36:08.709",-75.6988542310637,0.671388410751206,FALSE,"",FALSE
"74","15105000.abf","L2.3","Pyr","Lihua","X2015.01.05","2015-01-05 12:40:00.591",-68.0999771080906,1.5411392174656,FALSE,"",FALSE
"75","15105065.abf","L2.3","Pyr","Lihua","X2015.01.05","2015-01-05 18:55:53.986",-67.3828140061233,1.6937270920608,FALSE,"",FALSE
"76","15105080.abf","L2.3","Pyr","Lihua","X2015.01.05","2015-01-05 21:03:01.400",-71.9299332483843,0.778199849946787,FALSE,"",FALSE
"77","15105107.abf","L2.3","Pyr","Lihua","X2015.01.05","2015-01-05 21:25:30.881",-73.8983170814436,0.625612003318594,FALSE,"",FALSE
"78","15127000.abf","L2.3","Pyr","Lihua","X2015.01.27","2015-01-27 14:39:41.235",-73.5,0.70654296875,FALSE,"",TRUE
"79","15127028.abf","L2.3","Pyr","Lihua","X2015.01.27","2015-01-27 15:12:54.622",-73.2238785898062,0.115968433556205,FALSE,"",TRUE
"80","15127041.abf","L2.3","Int","Lihua","X2015.01.27","2015-01-27 16:31:07.861",-76.8676774993765,0.421144296251498,FALSE,"",FALSE
"81","15127061.abf","L2.3","Pyr","Lihua","X2015.01.27","2015-01-27 17:12:22.116",-69.7265640585101,5.58471835538511,FALSE,"",FALSE
"82","15127092.abf","L2.3","Int","Lihua","X2015.01.27","2015-01-27 18:43:16.230",-78.2959001875497,1.46484550004971,FALSE,"",FALSE
"83","15127106.abf","L2.3","Pyr","Lihua","X2015.01.27","2015-01-27 19:26:14.617",-69.7998062476472,1.6723648413972,FALSE,"",TRUE
"84","15127132.abf","L2.3","Pyr","Lihua","X2015.01.27","2015-01-27 20:10:55.986",-71.1669937782063,1.59070630445513e-06,FALSE,"",TRUE
"85","15224000.abf","L5","Int","Lihua","X2015.02.24","2015-02-24 13:06:23.728",-74.6826188567866,0.0610368255365898,FALSE,"",FALSE
"86","15224025.abf","L5","Pyr","Lihua","X2015.02.24","2015-02-24 13:56:28.549",-80,6.46240234375,FALSE,"",FALSE
"87","15224059.abf","L5","Pyr","Lihua","X2015.02.24","2015-02-24 15:42:07.090",-74.8596208138679,1.66015792324291,FALSE,"",FALSE
"88","15312000.abf","L2.3","Int","Lihua","X2015.03.12","2015-03-12 13:13:21.404",-75.0671403497563,1.7150895685063,FALSE,"",FALSE
"89","15312031.abf","L2.3","Int","Lihua","X2015.03.12","2015-03-12 14:01:06.635",-78.4545915973468,3.61938651922179,FALSE,"",FALSE
"90","15312053.abf","L2.3","Int","Lihua","X2015.03.12","2015-03-12 15:10:31.985",-72.9553238963036,6.0913102244286,FALSE,"",FALSE
"91","15312105.abf","L2.3","Pyr","Lihua","X2015.03.12","2015-03-12 17:09:44.396",-79.4006365403675,0.244142399742501,FALSE,"",FALSE
"92","15312132.abf","L2.3","Pyr","Lihua","X2015.03.12","2015-03-12 17:41:21.025",-64.5202651140153,6.01196433276529,FALSE,"",FALSE
"93","15330000.abf","L5","Pyr","Lihua","X2015.03.30","2015-03-30 14:15:09.003",-77.9052751788186,0.762941194443599,FALSE,"",FALSE
"94","15330028.abf","L5","Int","Lihua","X2015.03.30","2015-03-30 15:34:41.582",-74,3.142333984375,FALSE,"",FALSE
"95","15330053.abf","L5","Pyr","Lihua","X2015.03.30","2015-03-30 16:37:17.884",-67.4926772898289,1.0253921335789,FALSE,"",TRUE
"96","15407000.abf","L5","Int","Lihua","X2015.04.07","2015-04-07 13:12:05.612",-74.4140641632839,1.37939619453391,FALSE,"",FALSE
"97","15420000.abf","L5","Pyr","Lihua","X2015.04.20","2015-04-20 13:44:28.152",-71.9360367641457,0.347901998520697,FALSE,"",FALSE
"98","15420026.abf","L5","Pyr","Lihua","X2015.04.20","2015-04-20 14:26:27.370",-76.6540544477266,1.71335159393493e-06,FALSE,"",FALSE
"99","15420048.abf","L5","Pyr","Lihua","X2015.04.20","2015-04-20 14:59:26.363",-80,0.3369140625,FALSE,"",FALSE
"100","15420096.abf","L5","Pyr","Lihua","X2015.04.20","2015-04-20 16:36:08.892",-76,0.50146484375,FALSE,"",FALSE
"101","15616008.abf","L5","Pyr","Homeira","X2015.06.16","2015-06-16 14:51:57.875",-54.1,4.35913276672363,FALSE,"C#3, Layer 5 A, human tissue,RMP -54.1 mv, Gain 100",FALSE
"102","15616022.abf","L5","Pyr","Homeira","X2015.06.16","2015-06-16 16:27:59.250",-58.4,1.08154487609863,FALSE,"C#6, Layer 5 A,RMP -58.4 mV",FALSE
"103","15616035.abf","L5","Pyr","Homeira","X2015.06.16","2015-06-16 17:38:06.421",-57.8,2.24451065063477,FALSE,"C#9,  Layer 5 A,, RMP -57.8 mv, 2end try",FALSE
"104","15618005.abf","L5","Pyr","Homeira","X2015.06.18","2015-06-18 14:35:36.953",-56,7.58813667297363,FALSE,"C#2, layer 5A, RMP -56. mV",FALSE
"105","15622000.abf","L5","Pyr","Homeira","X2015.06.22","2015-06-22 14:04:34.859",-60.1,6.26953315734863,FALSE,"C#1, RMP -60.1 mV, Normal aCSF",FALSE
"106","15622005.abf","L5","Pyr","Homeira","X2015.06.22","2015-06-22 14:26:44.046",-63.1,0.893558502197266,FALSE,"C#2, RMP -63.1 mV, Normal aCSF same cell",FALSE
"107","15622013.abf","L5","Pyr","Homeira","X2015.06.22","2015-06-22 15:08:12.437",-59.4,1.86645698547363,FALSE,"C#4, RMP -59.4 mV, Normal aCSF",FALSE
"108","15622015.abf","L5","Pyr","Homeira","X2015.06.22","2015-06-22 15:31:10.437",-61.4,1.55835151672363,FALSE,"C#5, RMP -61.4 mV, Normal aCSF",TRUE
"109","15622019.abf","L5","Pyr","Homeira","X2015.06.22","2015-06-22 16:24:01.281",-64.1,2.06542587280273,FALSE,"C#6, RMP -64.1 mV, Normal aCSF",FALSE
"110","15622024.abf","L5","Pyr","Homeira","X2015.06.22","2015-06-22 16:41:26.437",-60.3,0.651853561401367,FALSE,"C#7, layer 5A, RMP -60.3 mV",FALSE
"111","15723013.abf","L5","Pyr","Homeira","X2015.07.23","2015-07-23 15:31:18.984",-61.9,2.11914443969727,FALSE,"C#5, L5, Frontal cortex, aCSF,RMP -61.9 mV",FALSE
"112","15820003.abf","L5","Pyr","Homeira","X2015.08.20","2015-08-20 14:54:37.593",-61.3,8.40088272094727,FALSE,"C#2,L5, RMP -61.3 mV",TRUE
"113","15o08002.abf","L5","Pyr","Homeira","X2015.10.08","2015-10-08 13:12:28.781",-63.7,0.689453125,FALSE,"C#1, L5, RMP -63.7 mV",FALSE
"114","15o08007.abf","L5","Pyr","Homeira","X2015.10.08","2015-10-08 13:36:13.578",-58.9,2.044677734375,FALSE,"C#2, L5, RMP -58.9 mV",TRUE
"115","15o08011.abf","L5","Pyr","Homeira","X2015.10.08","2015-10-08 14:31:41.515",-62.1,1.467041015625,FALSE,"C#3, L5, RMP -62.1 mV,",FALSE
"116","15o08017.abf","L5","Pyr","Homeira","X2015.10.08","2015-10-08 14:49:54.593",-57.1960422052088,1.1718722833338,FALSE,"",FALSE
"117","15o08020.abf","L5","Pyr","Homeira","X2015.10.08","2015-10-08 15:42:54.218",-63.2,3.075439453125,FALSE,"C#5, L5, RMP -63.2 mV",TRUE
"118","15o08022.abf","L5","Int","Homeira","X2015.10.08","2015-10-08 15:54:57.031",-62.3,1.78466796875,FALSE,"C#6, L5, RMP -62.3 mV, interneuron, small size",FALSE
"119","15o08032.abf","L5","Pyr","Homeira","X2015.10.08","2015-10-08 16:17:41.078",-60.5,2.383544921875,FALSE,"C#8, L5, RMP -60.5 mV",FALSE
"120","15o08038.abf","L5","Pyr","Homeira","X2015.10.08","2015-10-08 16:32:37.968",-59.9,1.87158203125,FALSE,"C#9, L5, RMP -59.9 mV",TRUE
"121","2015_11_09_0003.abf","L2.3","Pyr","Homeira","X2015.11.09","2015-11-09 12:58:49.968",-62.4,1.2580322265625,FALSE,"C#1,  RMP -62.4 mV, L2/3",FALSE
"122","2015_11_09_0017.abf","L2.3","Pyr","Homeira","X2015.11.09","2015-11-09 13:40:54.390",-61.9,1.08642578125,FALSE,"C#2, RMP -61.9 mV, L2/3,",FALSE
"123","2015_11_09_0053.abf","L2.3","Pyr","Homeira","X2015.11.09","2015-11-09 15:05:40.875",-57.5,1.57470703125,FALSE,"C#3, RMP -57.5 mV, L2/3,",FALSE
"124","2015_11_09_0078.abf","L5","Int","Homeira","X2015.11.09","2015-11-09 16:09:49.531",-61.3,3.303955078125,FALSE,"C#4, RMP -61.3 mV, L5",FALSE
"125","2015_11_09_0106.abf","L2.3","Pyr","Homeira","X2015.11.09","2015-11-09 16:39:16.593",-63.4,0.26025390625,FALSE,"C#5, RMP -63.4 mV, L2/3,",FALSE
"126","2015_11_09_0107.abf","L2.3","Pyr","Homeira","X2015.11.09","2015-11-09 16:58:56.484",-60.4,1.273681640625,FALSE,"C#6, RMP -60.4 mV, L2/3,",FALSE
"127","2016_01_28_0004.abf","L5","Pyr","Homeira","X2016.01.28","2016-01-28 13:37:42.000",-69.7,0.2783203125,FALSE,"C#2,  RMP -69.7mv ,",FALSE
"128","2016_01_28_0012.abf","L5","Pyr","Homeira","X2016.01.28","2016-01-28 14:09:49.015",-62.5,3.382080078125,FALSE,"C#3,  RMP -62.5mv , L5",FALSE
"129","2016_01_28_0019.abf","L5","Pyr","Homeira","X2016.01.28","2016-01-28 14:42:20.281",-59.2,1.149658203125,FALSE,"C#4,  RMP -59.2 mv , L5",FALSE
"130","2016_02_04_0009.abf","L5","Pyr","Homeira","X2016.02.04","2016-02-04 14:21:19.765",-68,2.755126953125,FALSE,"C#2,  RMP -68 mv , L5,",FALSE
"131","2016_02_04_0015.abf","L5","Pyr","Homeira","X2016.02.04","2016-02-04 15:09:39.671",-57.5,0.355712890625,FALSE,"C#4  RMP -57.5mv , L5,",FALSE
"132","2016_02_04_0018.abf","L5","Pyr","Homeira","X2016.02.04","2016-02-04 15:17:23.671",-58.3,3.949462890625,FALSE,"C#6  RMP -56.8mv , L5,",FALSE
"133","2016_02_04_0021.abf","L5","Pyr","Homeira","X2016.02.04","2016-02-04 15:27:53.687",-60.2,1.239013671875,FALSE,"C#7  RMP -60.2mv , L5,",FALSE
"134","2016_02_04_0029.abf","L5","Pyr","Homeira","X2016.02.04","2016-02-04 17:10:23.484",-64.4,0.426025390625,FALSE,"C#10  RMP -64.4 mv , L5",TRUE
"135","2016_02_04_0033.abf","L5","Pyr","Homeira","X2016.02.04","2016-02-04 17:47:33.343",-58.5,0.04150390625,FALSE,"C#11, RMP -58.5 mv , L5",FALSE
"136","2016_02_04_0042.abf","L5","Pyr","Homeira","X2016.02.04","2016-02-04 19:08:45.265",-59.2,6.148681640625,FALSE,"C#14, RMP -59.2mv , L5",TRUE
"137","2016_02_04_0045.abf","L5","Pyr","Homeira","X2016.02.04","2016-02-04 19:41:58.375",-59.2,0.960253906250003,FALSE,"C#15, RMP -59.2mv , L5",TRUE
"138","2016_02_25_0005.abf","L2.3","Pyr","Homeira","X2016.02.25","2016-02-25 12:35:59.187",-66,0.76904296875,FALSE,"C#1, RMP -66 mV, L2/3",FALSE
"139","2016_02_25_0007.abf","L2.3","Pyr","Homeira","X2016.02.25","2016-02-25 12:39:13.453",-66,2.7626953125,FALSE,"C#2, RMP -66 mV, L2/3",FALSE
"140","2016_02_25_0073.abf","L2.3","Pyr","Homeira","X2016.02.25","2016-02-25 13:40:54.046",-60.3,0.711669921875,FALSE,"C#3, RMP -60.3 mV, L2/3,",FALSE
"141","2016_02_25_0082.abf","L2.3","Pyr","Homeira","X2016.02.25","2016-02-25 13:56:30.562",-66.8,0.0732421875,FALSE,"C#4 RMP -66.8  mV, L2/3, without bridge balance",FALSE
"142","2016_02_25_0134.abf","L2.3","Pyr","Homeira","X2016.02.25","2016-02-25 14:31:23.265",-60.8,0.536865234375,FALSE,"C#5 RMP --60.8 mV, L2/3,",FALSE
"143","2016_02_25_0255.abf","L2.3","Pyr","Homeira","X2016.02.25","2016-02-25 17:03:39.984",-62.1,0.298828125,FALSE,"C#7 RMP --62.1 mV,l2/3",FALSE
"144","2016_02_29_0032.abf","L5","Pyr","Homeira","X2016.02.29","2016-02-29 15:05:55.671",-65.4,2.26440429687501,FALSE,"C#2 RMP --65.4 mV,L5,",TRUE
"145","2016_02_29_0065.abf","L5","Int","Homeira","X2016.02.29","2016-02-29 16:09:31.781",-61.8,2.7392578125,FALSE,"C#3 , RMP -61.8 mv",FALSE
"146","2016_03_01_0000.abf","L2.3","Pyr","Homeira","X2016.03.01","2016-03-01 13:48:02.765",-65.5,4.27734375,FALSE,"C#1, RMP -65.5,L2/3",FALSE
"147","2016_03_01_0047.abf","L2.3","Pyr","Homeira","X2016.03.01","2016-03-01 15:18:19.750",-61,3.418212890625,FALSE,"C#2, RMP -61,L2/3,",TRUE
"148","2016_03_03_0002.abf","L2.3","Pyr","Homeira","X2016.03.03","2016-03-03 13:24:36.500",-66.2,0.777099609375,FALSE,"C#1, RMP -66.2 mV,",FALSE
"149","2016_03_03_0054.abf","L2.3","Pyr","Homeira","X2016.03.03","2016-03-03 14:36:04.781",-66.3,0.565185546875,FALSE,"C#2, RMP -66.3mV,",TRUE
"150","2016_03_03_0100.abf","L2.3","Pyr","Homeira","X2016.03.03","2016-03-03 15:25:54.203",-64.8,1.029541015625,FALSE,"C#3, RMP -64.8 V,",FALSE
"151","2016_03_03_0103.abf","L2.3","Pyr","Homeira","X2016.03.03","2016-03-03 15:50:34.562",-65.7,1.363037109375,FALSE,"C#4, RMP -65.7 mv",TRUE
"152","19122003.abf","L2.3","Pyr","Homeira","X2019.01.22","2019-01-22 13:17:07.718",-68.7,0.1790771484375,TRUE,"C1-L2-3,Superfacial, RMP -68.7 mV, Step size: 25 pA",FALSE
"153","19122017.abf","L2.3","Pyr","Homeira","X2019.01.22","2019-01-22 16:52:11.484",-66.7,0.04052734375,FALSE,"C5-L2.injected current -667.2",FALSE
"154","19122024.abf","L3c","Pyr","Homeira","X2019.01.22","2019-01-22 18:07:33.468",-63.7,0.177734375,FALSE,"C6-L3 -63.7 mv",FALSE
"155","19122026.abf","L5","Pyr","Homeira","X2019.01.22","2019-01-22 19:53:55.031",-60.6,1.240478515625,FALSE,"C7-L5 -60.6mv",TRUE
"156","19128003.abf","L5","Pyr","Homeira","X2019.01.28","2019-01-28 14:23:18.421",-62,2.59653320312501,FALSE,"C2. L5,  RMP -62. mv",FALSE
"157","19128036.abf","L5","Pyr","Homeira","X2019.01.28","2019-01-28 17:30:14.265",-64.1,1.35717773437499,FALSE,"C5,  L5,   RMP -64.1  mv,",TRUE
"158","19128044.abf","L5","Pyr","Homeira","X2019.01.28","2019-01-28 18:55:24.765",-64.2,0.8917236328125,FALSE,"C6,  L5,   RMP -64.2  mv,",FALSE
"159","19128061.abf","L5","Pyr","Homeira","X2019.01.28","2019-01-28 20:23:11.890",-66,1.1201171875,TRUE,"C8,  L5,   RMP -66  mv,",FALSE
"160","19128068.abf","L5","Pyr","Homeira","X2019.01.28","2019-01-28 21:11:32.781",-62.3,0.0684814453125,FALSE,"C9,  L5,   RMP -62.3 mv",FALSE
"161","19129004.abf","L3c","Pyr","Homeira","X2019.01.29","2019-01-29 12:24:56.500",-62.9,0.7603759765625,TRUE,"C1,  L5,   RMP -62.9mv,",FALSE
"162","19129015.abf","L5","Pyr","Homeira","X2019.01.29","2019-01-29 13:35:30.375",-62.7,0.374755859375,TRUE,"C2  L5,   RMP -62.7mv,",FALSE
"163","19129022.abf","L5","Pyr","Homeira","X2019.01.29","2019-01-29 15:13:32.734",-65.8,0.6378173828125,FALSE,"C3,L5,   RMP -65.8 mv, superfacial layer 5",TRUE
"164","19129024.abf","L5","Pyr","Homeira","X2019.01.29","2019-01-29 15:32:54.843",-63.7,0.3680419921875,FALSE,"C4,L5,   RMP -63.7 mv, superfacial layer 5",FALSE
"165","19129037.abf","L5","Pyr","Homeira","X2019.01.29","2019-01-29 17:28:09.468",-62.9,0.1168212890625,FALSE,"C6,L5,   RMP -62.9  mv,",FALSE
"166","19129040.abf","L3c","Pyr","Homeira","X2019.01.29","2019-01-29 17:37:39.750",-66.5,0.1226806640625,FALSE,"C7,L3,   RMP -66.5mv,",FALSE
"167","19129043.abf","L3c","Pyr","Homeira","X2019.01.29","2019-01-29 17:50:26.156",-65.8,3.523486328125,FALSE,"C8,L3,   RMP -65.8mv,",FALSE
"168","19129047.abf","L3c","Pyr","Homeira","X2019.01.29","2019-01-29 18:10:59.859",-67.1,0.4359130859375,FALSE,"C9,L3,   RMP -67.1mv,",FALSE
"169","19129052.abf","L2.3","Pyr","Homeira","X2019.01.29","2019-01-29 19:23:19.109",-60.3,2.2374267578125,FALSE,"C10,L2,   RMP -60.3 mv",FALSE
"170","19129057.abf","L2.3","Pyr","Homeira","X2019.01.29","2019-01-29 19:42:12.406",-67.7,0.369140625,FALSE,"C11,L2,   RMP -67.7  mv, 500 um from pia",FALSE
"171","19129069.abf","L2.3","Pyr","Homeira","X2019.01.29","2019-01-29 20:30:21.281",-67.2,0.86669921875,FALSE,"C13,L3,   RMP -67.2 mv",TRUE
"172","19320001.abf","L5","Pyr","Homeira","X2019.03.20","2019-03-20 14:40:13.953",-65.8,1.7669677734375,FALSE,"C1, L5,   RMP -65.8mv,",FALSE
"173","19320007.abf","L5","Pyr","Homeira","X2019.03.20","2019-03-20 15:12:33.062",-66.1,5.156982421875,FALSE,"C2, L5,   RMP -66.1 mv,",FALSE
"174","19320017.abf","L2.3","Pyr","Homeira","X2019.03.20","2019-03-20 17:31:35.250",-73.2,0.4525146484375,TRUE,"C4, L2/3,   RMP -73.2 mv,",FALSE
"175","19320024.abf","L3c","Pyr","Homeira","X2019.03.20","2019-03-20 18:12:27.593",-75.9,0.3179931640625,FALSE,"C5, L2/3,   RMP -75.9  mv,",FALSE
"176","19320025.abf","L2.3","Pyr","Homeira","X2019.03.20","2019-03-20 18:20:39.921",-66,1.96533203125,FALSE,"C6, L2/3,   RMP -66  mv,",TRUE
"177","19320030.abf","L2.3","Pyr","Homeira","X2019.03.20","2019-03-20 19:05:14.843",-65.9,1.6143798828125,FALSE,"C7, L5   RMP -65.9  mv,",FALSE
"178","19320041.abf","L5","Pyr","Homeira","X2019.03.20","2019-03-20 19:58:36.796",-61.6,4.282470703125,FALSE,"C8, L5   RMP -61.6   mv,",TRUE
"179","2019_09_03_0023.abf","L2.3","Pyr","Homeira","X2019.09.03","2019-09-03 14:17:17.390",-64,14.6132736206055,FALSE,"C1, L2-RMP -64",FALSE
"180","2019_09_03_0036.abf","L2.3","Pyr","Homeira","X2019.09.03","2019-09-03 15:05:10.703",-65.8,1.21659393310547,FALSE,"C3, L2-RMP -65.8 mv",FALSE
"181","2019_09_03_0045.abf","L5","Pyr","Homeira","X2019.09.03","2019-09-03 15:25:18.515",-66,9.89720916748047,FALSE,"C4, L5, -66 mv",FALSE
"182","2019_09_03_0088.abf","L2.3","Pyr","Homeira","X2019.09.03","2019-09-03 18:04:15.328",-61,0.776851654052734,FALSE,"C9 L2, RMP -61 mv",FALSE
"183","2019_11_26_0094.abf","L5","Pyr","Homeira","X2019.11.26","2019-11-26 17:53:03.109",-65.2,1.419873046875,FALSE,"C8. L5 RMP -65.2  mV Big cell",TRUE
"184","2019_11_26_0110.abf","L5","Pyr","Homeira","X2019.11.26","2019-11-26 18:38:12.625",-65.4,0.000830078125005684,FALSE,"C9. L5 RMP -65.4  mV Big cell,",FALSE
"185","2019_11_28_0079.abf","L3c","Pyr","Homeira","X2019.11.28","2019-11-28 15:24:58.781",-64.2,0.680371093749997,FALSE,"C3. L3 RMP -64.2  mv,",FALSE
"186","2019_11_28_0093.abf","L3c","Pyr","Homeira","X2019.11.28","2019-11-28 16:17:32.875",-64.3,0.548779296874997,FALSE,"C4 L3c, RMP -64.3,",FALSE
"187","2019_11_28_0119.abf","L5","Int","Homeira","X2019.11.28","2019-11-28 17:15:35.828",-61,0.58447265625,FALSE,"C5, L5, RMP -61 mV",FALSE
"188","2020_01_06_0017.abf","L3c","Pyr","Homeira","X2020.01.06","2020-01-06 13:18:58.062",-64.5,1.23486328125,FALSE,"C2, L3C, RMP -64.5 mV",FALSE
"189","2020_01_06_0048.abf","L3c","Pyr","Homeira","X2020.01.06","2020-01-06 17:29:25.890",-60.2,1.6896484375,TRUE,"C6, L3C, RMP -60.2 mV,",FALSE
"190","2020_01_06_0063.abf","L3c","Pyr","Homeira","X2020.01.06","2020-01-06 18:16:51.875",-66.9,0.147119140624994,FALSE,"C8 L3C, RMP -66.9 mv",FALSE
"191","2020_01_06_0082.abf","L3c","Pyr","Homeira","X2020.01.06","2020-01-06 19:42:23.390",-66.7,6.11494140625,FALSE,"C11,  L3,  RMP -66.7 mv,",FALSE
"192","2020_01_06_0090.abf","L3c","Pyr","Homeira","X2020.01.06","2020-01-06 20:12:50.656",-65.2,3.22041015625,FALSE,"C12,  L3,  RMP -65.2 mv,",FALSE
"193","2020_01_06_0095.abf","L3c","Pyr","Homeira","X2020.01.06","2020-01-06 20:34:20.703",-60.2,12.401318359375,FALSE,"C13,  L3,  RMP -60.2,",FALSE
"194","2020_01_27_0002.abf","L5","Pyr","Homeira","X2020.01.27","2020-01-27 12:57:14.312",-65,2.474365234375,FALSE,"C1,  RMP -60 mV, -65 mv",FALSE
"195","2020_01_27_0008.abf","L5","Pyr","Homeira","X2020.01.27","2020-01-27 14:04:13.187",-74.2,1.453076171875,FALSE,"C2,  L5 , RMp -74.2 mv",FALSE
"196","2020_01_27_0038.abf","L3c","Pyr","Homeira","X2020.01.27","2020-01-27 19:28:31.750",-69.9,4.13564453124999,FALSE,"C6  L3 ,RMP -69.9mv",FALSE
"197","2020_01_27_0042.abf","L5","Pyr","Homeira","X2020.01.27","2020-01-27 20:55:03.437",-60.7,1.0076171875,FALSE,"C7 , L5 ,RMP -60.7 mv",TRUE
"198","2020_01_28_0008.abf","L5","Pyr","Homeira","X2020.01.28","2020-01-28 17:23:29.906",-65,3.3544921875,FALSE,"",FALSE
"199","2020_01_28_0017.abf","L5","Pyr","Homeira","X2020.01.28","2020-01-28 18:31:27.390",-55,0.84716796875,FALSE,"C4, L5, RMP -56.3 mV",FALSE
"200","2020_01_28_0029.abf","L5","Pyr","Homeira","X2020.01.28","2020-01-28 20:59:37.984",-68,0.464599609375,FALSE,"",FALSE
"201","2020_03_02_0023.abf","L5","Pyr","Homeira","X2020.03.02","2020-03-02 16:36:35.609",-68,2.112548828125,FALSE,"C3-, RMp -68, 93, L5",FALSE
